{"eval/samples_per_second":61.308,"total_flos":1.0576401296541696e+16,"train/grad_norm":6.37886905670166,"train_samples_per_second":137.484,"train/learning_rate":2.79818118223155e-07,"eval/loss":0.9935248494148254,"eval/runtime":41.8214,"_wandb":{"runtime":1344},"_step":16,"train/global_step":2888,"train/loss":1.3003,"train/epoch":8,"eval/em":0.12753510140405616,"train_runtime":1342.706,"_runtime":1344.303223,"train_steps_per_second":2.151,"_timestamp":1.7334037117818165e+09,"eval/steps_per_second":3.85,"train_loss":1.6719261338506048}